{"cameraMode":{"drawMode":0,"name":"Shaded","section":"Shading Mode"},"sceneLighting":true,"audioPlay":false,"sceneViewState":{"showFog":true,"showMaterialUpdate":false,"showSkybox":true,"showFlares":true,"showImageEffects":true,"showParticleSystems":true},"in2DMode":false,"pivot":{"x":-0.1992049217224121,"y":2.9088799953460695,"z":9.450507164001465},"rotation":{"x":-0.007188004441559315,"y":-0.022502094507217408,"z":-0.0001617442030692473,"w":0.9997209906578064},"size":26.283185958862306,"orthographic":false}